pipeline,attribute,n_items,cer,wer,exact_match_acc,n_sub,n_del,n_ins,n_missing,n_ref_chars
text,รหัสวิชา,90,0.617486,,0.388889,0,452,0,55,732
text,ชื่อวิชา (ไทย) ⭐,90,0.707264,0.74514,0.311111,39,1912,6,55,2767
text,ชื่อวิชา (อังกฤษ) ⭐,90,1.0,1.0,0.0,0,2659,0,90,2659
text,หน่วยกิต,90,0.648616,,0.388889,0,539,0,55,831
text,ปี/ภาค,90,0.611111,,0.388889,0,165,0,55,270
text,หมวดวิชา,90,1.0,,0.0,0,1238,0,90,1238
text,บังคับ/เลือก,90,1.0,,0.0,0,486,0,90,486
text,วิชาบังคับก่อน,35,0.210526,,0.857143,25,15,0,0,190
text,ปี/ภาคยืดหยุ่น,35,0.0,,1.0,0,0,0,0,0
